{"cameraMode":{"drawMode":0,"name":"Shaded","section":"Shading Mode"},"sceneLighting":false,"audioPlay":false,"sceneViewState":{"showFog":true,"showMaterialUpdate":false,"showSkybox":true,"showFlares":true,"showImageEffects":true,"showParticleSystems":true},"in2DMode":false,"pivot":{"x":0.8006632328033447,"y":2.227442741394043,"z":-6.962703704833984},"rotation":{"x":-0.2641306221485138,"y":-0.006658096332103014,"z":0.0018238532356917859,"w":-0.9644622802734375},"size":9.394296646118164,"orthographic":false}