{"cameraMode":{"drawMode":0,"name":"Shaded","section":"Shading Mode"},"sceneLighting":false,"audioPlay":false,"sceneViewState":{"showFog":true,"showMaterialUpdate":false,"showSkybox":true,"showFlares":true,"showImageEffects":true,"showParticleSystems":true},"in2DMode":false,"pivot":{"x":-3.0566978454589845,"y":3.2325856685638429,"z":-12.5},"rotation":{"x":-0.3440459370613098,"y":0.02027805894613266,"z":-0.007427307777106762,"w":-0.9387043714523315},"size":12.60159969329834,"orthographic":false}