{"cameraMode":{"drawMode":0,"name":"Shaded","section":"Shading Mode"},"sceneLighting":true,"audioPlay":false,"sceneViewState":{"showFog":true,"showMaterialUpdate":false,"showSkybox":true,"showFlares":true,"showImageEffects":true,"showParticleSystems":true},"in2DMode":false,"pivot":{"x":-0.45673251152038576,"y":-8.47887897491455,"z":10.992544174194336},"rotation":{"x":-0.2872046232223511,"y":0.0020100967958569528,"z":-0.0005979657871648669,"w":-0.957866907119751},"size":32.873138427734378,"orthographic":false}