{"cameraMode":{"drawMode":0,"name":"Shaded","section":"Shading Mode"},"sceneLighting":false,"audioPlay":false,"sceneViewState":{"showFog":true,"showMaterialUpdate":false,"showSkybox":true,"showFlares":true,"showImageEffects":true,"showParticleSystems":true},"in2DMode":false,"pivot":{"x":-3.091994524002075,"y":0.960330605506897,"z":3.883023262023926},"rotation":{"x":-0.3299248516559601,"y":-0.02067275159060955,"z":0.007231684867292643,"w":-0.9437531232833862},"size":5.058834075927734,"orthographic":false}